,F,initialLearningRate,learningRateDecay,regularization,momentum,min_train_loss,min_val_loss
0,8,0.01,1e-06,0.0,0.5,1.1010324762070658,1.160047134497391
1,8,0.01,1e-06,0.0,0.99,1.1013477970523318,1.148976188904005
2,8,0.01,1e-06,0.01,0.5,1.0980508566809277,1.1491447662809349
3,8,0.01,1e-06,0.01,0.99,1.106068011911587,1.1550367192393731
4,8,0.01,1e-06,0.02,0.5,1.1083552282186728,1.150467971319262
5,8,0.01,1e-06,0.02,0.99,1.1080793550273826,1.160482915335576
6,8,0.01,2e-06,0.0,0.5,1.1076548648763926,1.1574048336206166
7,8,0.01,2e-06,0.0,0.99,1.1081802568294172,1.1584577240058862
8,8,0.01,2e-06,0.01,0.5,1.1028556583534128,1.154210257346852
9,8,0.01,2e-06,0.01,0.99,1.1050009404182681,1.1535441665523556
10,8,0.01,2e-06,0.02,0.5,1.108241998171775,1.157231908801511
11,8,0.01,2e-06,0.02,0.99,1.1039215226473904,1.1558562992654176
12,8,0.01,3e-06,0.0,0.5,1.0952073399772868,1.1484927717496594
13,8,0.01,3e-06,0.0,0.99,1.1086353657095946,1.14432086095455
14,8,0.01,3e-06,0.01,0.5,1.10741223826868,1.1507588271002767
15,8,0.01,3e-06,0.01,0.99,1.1107132431208393,1.1530472330838808
16,8,0.01,3e-06,0.02,0.5,1.1023424639025299,1.1581504410063672
17,8,0.01,3e-06,0.02,0.99,1.106146111940578,1.1499842130324927
18,8,0.01,4e-06,0.0,0.5,1.1031891931001563,1.1541404916902582
19,8,0.01,4e-06,0.0,0.99,1.0957544601019515,1.1507940050388996
20,8,0.01,4e-06,0.01,0.5,1.1043211767879075,1.1555438827484794
21,8,0.01,4e-06,0.01,0.99,1.1062282615314682,1.1517054904750195
22,8,0.01,4e-06,0.02,0.5,1.103122905618174,1.1535890868785559
23,8,0.01,4e-06,0.02,0.99,1.1067648395717864,1.1530404920825705
24,8,0.01,5e-06,0.0,0.5,1.1010908008342657,1.1581033013420325
25,8,0.01,5e-06,0.0,0.99,1.1111593002388445,1.1553224854204984
26,8,0.01,5e-06,0.01,0.5,1.1054711527389864,1.1534831045197103
27,8,0.01,5e-06,0.01,0.99,1.1067563736783241,1.1611064445152908
28,8,0.01,5e-06,0.02,0.5,1.109765995121325,1.1605083097794333
29,8,0.01,5e-06,0.02,0.99,1.1074158908452494,1.161698312712429
30,8,0.01,1e-05,0.0,0.5,1.0984288809491014,1.1572265760040443
31,8,0.01,1e-05,0.0,0.99,1.1046107844764521,1.1567495034556299
32,8,0.01,1e-05,0.01,0.5,1.107340455390876,1.1555156732477119
33,8,0.01,1e-05,0.01,0.99,1.1087270513668888,1.1569023471558406
34,8,0.01,1e-05,0.02,0.5,1.1047508822052756,1.1523515360855812
35,8,0.01,1e-05,0.02,0.99,1.110109761062246,1.1585011584184328
36,8,0.01,2e-05,0.0,0.5,1.1022884584719317,1.1501138097533987
37,8,0.01,2e-05,0.0,0.99,1.1082319594442827,1.1569170097773385
38,8,0.01,2e-05,0.01,0.5,1.1006667029003863,1.147327895164742
39,8,0.01,2e-05,0.01,0.99,1.1022788861181834,1.146209885801638
40,8,0.01,2e-05,0.02,0.5,1.1102835743181125,1.1591191924938493
41,8,0.01,2e-05,0.02,0.99,1.1019402395978142,1.1513305522560027
42,8,0.01,3e-05,0.0,0.5,1.105691501379534,1.1524481988063768
43,8,0.01,3e-05,0.0,0.99,1.1076929970605067,1.1565243129776517
44,8,0.01,3e-05,0.01,0.5,1.107939891337006,1.1534386533801488
45,8,0.01,3e-05,0.01,0.99,1.1081070809810887,1.1530519778258266
46,8,0.01,3e-05,0.02,0.5,1.1062139095407695,1.1618395691278625
47,8,0.01,3e-05,0.02,0.99,1.1049195555793632,1.148123114280331
48,8,0.01,4e-05,0.0,0.5,1.1064856172925348,1.1520732708494823
49,8,0.01,4e-05,0.0,0.99,1.1110902491093664,1.1567650122124291
50,8,0.01,4e-05,0.01,0.5,1.1069933132211565,1.160792662934584
51,8,0.01,4e-05,0.01,0.99,1.1103783133032434,1.1514048515330584
52,8,0.01,4e-05,0.02,0.5,1.1048661643446616,1.154056363455232
53,8,0.01,4e-05,0.02,0.99,1.1079476889261344,1.153909855811448
54,8,0.01,5e-05,0.0,0.5,1.1024381601278894,1.1586038319364846
55,8,0.01,5e-05,0.0,0.99,1.10843711478683,1.1560815443225547
56,8,0.01,5e-05,0.01,0.5,1.1072200650854058,1.154328838671815
57,8,0.01,5e-05,0.01,0.99,1.1051748887391468,1.1596945750195808
58,8,0.01,5e-05,0.02,0.5,1.1044504312786614,1.1547863322858118
59,8,0.01,5e-05,0.02,0.99,1.1108101154667203,1.158865767981153
60,8,0.01,0.0001,0.0,0.5,1.102057021955349,1.1608434813282402
61,8,0.01,0.0001,0.0,0.99,1.1078504936821925,1.1552933922858653
62,8,0.01,0.0001,0.01,0.5,1.1051369617879998,1.160809066204932
63,8,0.01,0.0001,0.01,0.99,1.1050024708121782,1.1501913833546271
64,8,0.01,0.0001,0.02,0.5,1.1119238635424904,1.157680983093821
65,8,0.01,0.0001,0.02,0.99,1.1030768723425641,1.1516770302528567
66,8,0.01,0.0002,0.0,0.5,1.1051365758614686,1.1559539954956433
67,8,0.01,0.0002,0.0,0.99,1.107028606607646,1.1477208610889647
68,8,0.01,0.0002,0.01,0.5,1.1002522449655638,1.1532549200135962
69,8,0.01,0.0002,0.01,0.99,1.105560290069689,1.159408905915573
70,8,0.01,0.0002,0.02,0.5,1.1099413622843997,1.1526804192701063
71,8,0.01,0.0002,0.02,0.99,1.1069085391515068,1.1593355460392085
72,8,0.01,0.0003,0.0,0.5,1.0974654135897723,1.1580876179365203
73,8,0.01,0.0003,0.0,0.99,1.1082944877780851,1.1520997253819727
74,8,0.01,0.0003,0.01,0.5,1.1077029169164117,1.1545330370717113
75,8,0.01,0.0003,0.01,0.99,1.0999008853954493,1.1498184672009555
76,8,0.01,0.0003,0.02,0.5,1.1101939604710547,1.1568704000890042
77,8,0.01,0.0003,0.02,0.99,1.1073433499184948,1.1494823840547295
78,8,0.01,0.0004,0.0,0.5,1.1057387253373256,1.1551509646792517
79,8,0.01,0.0004,0.0,0.99,1.0980288678001457,1.159423537441785
80,8,0.01,0.0004,0.01,0.5,1.1091944205272866,1.1635639848465438
81,8,0.01,0.0004,0.01,0.99,1.1067815392308238,1.1520964181418976
82,8,0.01,0.0004,0.02,0.5,1.1125538136642186,1.1556795370341415
83,8,0.01,0.0004,0.02,0.99,1.1071353925664233,1.1536188184435165
84,8,0.01,0.0005,0.0,0.5,1.1027733571315554,1.1506404976243323
85,8,0.01,0.0005,0.0,0.99,1.1065404501469662,1.1511068335777477
86,8,0.01,0.0005,0.01,0.5,1.1084731392067364,1.1558497887534214
87,8,0.01,0.0005,0.01,0.99,1.1095780972589937,1.1531193808974922
88,8,0.01,0.0005,0.02,0.5,1.1076962984609493,1.1560528273261037
89,8,0.01,0.0005,0.02,0.99,1.1075763550386608,1.1531777234061547
90,8,0.01,0.001,0.0,0.5,1.101050882273581,1.1590223736792566
91,8,0.01,0.001,0.0,0.99,1.1036185471130262,1.15518803368333
92,8,0.01,0.001,0.01,0.5,1.1087513849077046,1.154488767107111
93,8,0.01,0.001,0.01,0.99,1.1060288138627883,1.1521788090715472
94,8,0.01,0.001,0.02,0.5,1.1082602570837095,1.156754006725251
95,8,0.01,0.001,0.02,0.99,1.103911378396626,1.1559702521618611
96,8,0.01,0.002,0.0,0.5,1.1082700666249663,1.1546675444382366
97,8,0.01,0.002,0.0,0.99,1.1026621400945296,1.1548965394521882
98,8,0.01,0.002,0.01,0.5,1.1080191406000253,1.1525054768537082
99,8,0.01,0.002,0.01,0.99,1.105915698034481,1.1548797500858567
100,8,0.01,0.002,0.02,0.5,1.1051027504182651,1.1575488373493728
101,8,0.01,0.002,0.02,0.99,1.110759118685921,1.1566971440011011
102,8,0.01,0.003,0.0,0.5,1.1009828644316695,1.1578756117547
103,8,0.01,0.003,0.0,0.99,1.1090516522528708,1.1589812251841527
104,8,0.01,0.003,0.01,0.5,1.102478552002036,1.151802198886264
105,8,0.01,0.003,0.01,0.99,1.1107666241351324,1.1605675914939373
106,8,0.01,0.003,0.02,0.5,1.113105593130933,1.155827326070778
107,8,0.01,0.003,0.02,0.99,1.1079007660248206,1.1552422573932974
108,8,0.01,0.004,0.0,0.5,1.1004639698945147,1.157115972565696
109,8,0.01,0.004,0.0,0.99,1.1101407703894826,1.1537287299403265
110,8,0.01,0.004,0.01,0.5,1.1023337025847377,1.1528740487898612
111,8,0.01,0.004,0.01,0.99,1.1064364131925877,1.152979429035934
112,8,0.01,0.004,0.02,0.5,1.1068281016117039,1.1480821287231098
113,8,0.01,0.004,0.02,0.99,1.10577124638258,1.156441827605079
114,8,0.01,0.005,0.0,0.5,1.1049876777004461,1.1577377887796283
115,8,0.01,0.005,0.0,0.99,1.1062505201721147,1.1547133237095901
116,8,0.01,0.005,0.01,0.5,1.1075119589766678,1.1559404315974304
117,8,0.01,0.005,0.01,0.99,1.1046819734048277,1.1549283525305305
118,8,0.01,0.005,0.02,0.5,1.1082139710056773,1.155542659323599
119,8,0.01,0.005,0.02,0.99,1.1061729534683138,1.1498326768218665
120,8,0.1,1e-06,0.0,0.5,0.9172826258214817,1.147074623486343
121,8,0.1,1e-06,0.0,0.99,1.0208142528505522,1.135933909446421
122,8,0.1,1e-06,0.01,0.5,0.9497670838915784,1.1264057477743894
123,8,0.1,1e-06,0.01,0.99,0.9779759589988034,1.1377760828834715
124,8,0.1,1e-06,0.02,0.5,0.9130814651285083,1.122575809662072
125,8,0.1,1e-06,0.02,0.99,1.008719725598514,1.1428414260187827
126,8,0.1,2e-06,0.0,0.5,0.8654222096728487,1.1467154544922624
127,8,0.1,2e-06,0.0,0.99,1.0104747015131783,1.1592199455067544
128,8,0.1,2e-06,0.01,0.5,0.8988078166600887,1.1395265408247452
129,8,0.1,2e-06,0.01,0.99,1.0148315878029959,1.1536002244287709
130,8,0.1,2e-06,0.02,0.5,0.9436618276014187,1.14237917980722
131,8,0.1,2e-06,0.02,0.99,0.9778140758199959,1.1317892620205052
132,8,0.1,3e-06,0.0,0.5,0.900328139083261,1.1334251228045418
133,8,0.1,3e-06,0.0,0.99,1.03241144701808,1.164562111425327
134,8,0.1,3e-06,0.01,0.5,0.9000727443532723,1.131955511156376
135,8,0.1,3e-06,0.01,0.99,0.9617331781770958,1.1378469749560254
136,8,0.1,3e-06,0.02,0.5,0.9403361471733667,1.1409889808291989
137,8,0.1,3e-06,0.02,0.99,0.9580091762597169,1.144983896825614
138,8,0.1,4e-06,0.0,0.5,0.8944733296346032,1.1539947580735364
139,8,0.1,4e-06,0.0,0.99,1.0022900232421819,1.1530614190496165
140,8,0.1,4e-06,0.01,0.5,0.9223409221668082,1.139673917689057
141,8,0.1,4e-06,0.01,0.99,1.011691651689592,1.1436587297181895
142,8,0.1,4e-06,0.02,0.5,0.944900710457464,1.1375213591392173
143,8,0.1,4e-06,0.02,0.99,0.9778337073632578,1.1300163251938333
144,8,0.1,5e-06,0.0,0.5,0.903947809527733,1.1425892395588393
145,8,0.1,5e-06,0.0,0.99,1.0268453049803012,1.1438732411233916
146,8,0.1,5e-06,0.01,0.5,0.9237389201855813,1.1310680801169832
147,8,0.1,5e-06,0.01,0.99,0.9992876382493542,1.1552504348884443
148,8,0.1,5e-06,0.02,0.5,0.9450399831437054,1.1526096570093223
149,8,0.1,5e-06,0.02,0.99,0.9881236925654714,1.1511399190582308
150,8,0.1,1e-05,0.0,0.5,0.9043058805274228,1.1358555277351545
151,8,0.1,1e-05,0.0,0.99,0.9828000902180822,1.1465013224374339
152,8,0.1,1e-05,0.01,0.5,0.9225984998062511,1.1392311619598103
153,8,0.1,1e-05,0.01,0.99,1.0206640047869784,1.141138734012744
154,8,0.1,1e-05,0.02,0.5,0.9163233065695937,1.1129202407199563
155,8,0.1,1e-05,0.02,0.99,1.0097545364630858,1.1558456018961722
156,8,0.1,2e-05,0.0,0.5,0.9310285201600916,1.1421048337529045
157,8,0.1,2e-05,0.0,0.99,0.9824660258661682,1.1491398873927585
158,8,0.1,2e-05,0.01,0.5,0.9122121677263183,1.14371085003456
159,8,0.1,2e-05,0.01,0.99,1.0104496927233828,1.1470350510894667
160,8,0.1,2e-05,0.02,0.5,0.9083372275946668,1.1329056144813119
161,8,0.1,2e-05,0.02,0.99,1.0166798550609604,1.124112450514779
162,8,0.1,3e-05,0.0,0.5,0.8609788931218184,1.1497638401795773
163,8,0.1,3e-05,0.0,0.99,1.0011046811416198,1.1491129713836847
164,8,0.1,3e-05,0.01,0.5,0.9198251589739947,1.132217433255999
165,8,0.1,3e-05,0.01,0.99,0.966532002852554,1.1452708503418219
166,8,0.1,3e-05,0.02,0.5,0.9394724414569683,1.1259099361165106
167,8,0.1,3e-05,0.02,0.99,0.9904231010307252,1.1251914379521835
168,8,0.1,4e-05,0.0,0.5,0.9281663311604912,1.1520723946605893
169,8,0.1,4e-05,0.0,0.99,0.9796608485002977,1.147309569685636
170,8,0.1,4e-05,0.01,0.5,0.9206489049261142,1.1411550689707999
171,8,0.1,4e-05,0.01,0.99,0.9516967409035503,1.144447054376415
172,8,0.1,4e-05,0.02,0.5,0.8963217930657705,1.1409019468307098
173,8,0.1,4e-05,0.02,0.99,0.9791958971913061,1.1332680947147018
174,8,0.1,5e-05,0.0,0.5,0.9278050557392444,1.154327871621632
175,8,0.1,5e-05,0.0,0.99,1.020224677766131,1.1469662977143835
176,8,0.1,5e-05,0.01,0.5,0.9157872055666874,1.146888344105963
177,8,0.1,5e-05,0.01,0.99,0.9883171932899509,1.1476763121997853
178,8,0.1,5e-05,0.02,0.5,0.9440559540659629,1.1370993529648175
179,8,0.1,5e-05,0.02,0.99,0.9645009140486548,1.1472833984569892
180,8,0.1,0.0001,0.0,0.5,0.8996424027365794,1.1407766352591104
181,8,0.1,0.0001,0.0,0.99,1.0397852900063638,1.1551881921732798
182,8,0.1,0.0001,0.01,0.5,0.927290134537948,1.1367295897365348
183,8,0.1,0.0001,0.01,0.99,0.9892323896102219,1.1441200455612568
184,8,0.1,0.0001,0.02,0.5,0.9308526733353658,1.1520079523111246
185,8,0.1,0.0001,0.02,0.99,0.9909957756649631,1.1304788693020265
186,8,0.1,0.0002,0.0,0.5,0.9348342615927988,1.1528551106773341
187,8,0.1,0.0002,0.0,0.99,0.9520032183058947,1.1564308963214325
188,8,0.1,0.0002,0.01,0.5,0.9341389351324941,1.1574677053790794
189,8,0.1,0.0002,0.01,0.99,0.9911835111914613,1.1501807924939786
190,8,0.1,0.0002,0.02,0.5,0.9510286341601741,1.1268541999282404
191,8,0.1,0.0002,0.02,0.99,0.9701116452783193,1.1516734299095055
192,8,0.1,0.0003,0.0,0.5,0.9094148054849429,1.1358512794131093
193,8,0.1,0.0003,0.0,0.99,1.0134642065009478,1.1506202011483144
194,8,0.1,0.0003,0.01,0.5,0.9049201169179657,1.1378582105744757
195,8,0.1,0.0003,0.01,0.99,0.9822802361147264,1.1520133563035644
196,8,0.1,0.0003,0.02,0.5,0.9191829317867012,1.129786092447461
197,8,0.1,0.0003,0.02,0.99,0.9776439244570223,1.141982383750095
198,8,0.1,0.0004,0.0,0.5,0.8886371069614419,1.1435101106179988
199,8,0.1,0.0004,0.0,0.99,0.9948710116168175,1.1388102972431646
200,8,0.1,0.0004,0.01,0.5,0.9242715295130944,1.1522966911397363
201,8,0.1,0.0004,0.01,0.99,0.9801436816086496,1.1579650840387168
202,8,0.1,0.0004,0.02,0.5,0.9225633712465133,1.1443701004316615
203,8,0.1,0.0004,0.02,0.99,1.0067496606706712,1.1455304997536369
204,8,0.1,0.0005,0.0,0.5,0.904920330566769,1.1617325991183687
205,8,0.1,0.0005,0.0,0.99,0.9826860973617985,1.1413199029424805
206,8,0.1,0.0005,0.01,0.5,0.9185883163658123,1.1455850516490824
207,8,0.1,0.0005,0.01,0.99,0.9723170959596837,1.127142122436951
208,8,0.1,0.0005,0.02,0.5,0.9462827865923676,1.1403567783891346
209,8,0.1,0.0005,0.02,0.99,0.9693896061900145,1.1443420725483793
210,8,0.1,0.001,0.0,0.5,0.9411679869914185,1.1490168192556602
211,8,0.1,0.001,0.0,0.99,1.0179335047361648,1.1591517345672586
212,8,0.1,0.001,0.01,0.5,0.908540571883551,1.1449287375516788
213,8,0.1,0.001,0.01,0.99,1.0033921937682373,1.1456751722905167
214,8,0.1,0.001,0.02,0.5,0.9395367151080121,1.1230626080922623
215,8,0.1,0.001,0.02,0.99,1.0357116904182286,1.1455843240172685
216,8,0.1,0.002,0.0,0.5,0.8749126481145311,1.155740085250216
217,8,0.1,0.002,0.0,0.99,0.9705416989555073,1.136500320037655
218,8,0.1,0.002,0.01,0.5,0.9062479747621467,1.1530148232354596
219,8,0.1,0.002,0.01,0.99,0.9711868505406801,1.1293634400890848
220,8,0.1,0.002,0.02,0.5,0.965000319651609,1.1385800534699235
221,8,0.1,0.002,0.02,0.99,1.007244446457886,1.1459406233777
222,8,0.1,0.003,0.0,0.5,0.9177250815379915,1.1732479866101497
223,8,0.1,0.003,0.0,0.99,0.9851049566204764,1.1255938579616607
224,8,0.1,0.003,0.01,0.5,0.9312332046596862,1.1310434824543494
225,8,0.1,0.003,0.01,0.99,0.9438270373286235,1.1567331590604903
226,8,0.1,0.003,0.02,0.5,0.9523057639971132,1.1468423909052008
227,8,0.1,0.003,0.02,0.99,0.999295526627748,1.1612983977246554
228,8,0.1,0.004,0.0,0.5,0.9588625238777666,1.144068096401922
229,8,0.1,0.004,0.0,0.99,1.0016051927582859,1.1649449304376642
230,8,0.1,0.004,0.01,0.5,0.9028615937027286,1.1242123186434634
231,8,0.1,0.004,0.01,0.99,0.95041349026907,1.1459588288638125
232,8,0.1,0.004,0.02,0.5,0.9483756904884284,1.1363200052017774
233,8,0.1,0.004,0.02,0.99,0.9860738851516448,1.1327738039338042
234,8,0.1,0.005,0.0,0.5,0.9319743061475713,1.1470633522562226
235,8,0.1,0.005,0.0,0.99,1.0021751708336268,1.169688773461992
236,8,0.1,0.005,0.01,0.5,0.9118254330361831,1.136584190265706
237,8,0.1,0.005,0.01,0.99,0.979040371234918,1.1575684789509835
238,8,0.1,0.005,0.02,0.5,0.9432558163912648,1.1536224983162349
239,8,0.1,0.005,0.02,0.99,1.0014017062540175,1.1446076479275935
240,8,1.0,1e-06,0.0,0.5,0.9783560354678761,1.1815359910360825
241,8,1.0,1e-06,0.0,0.99,0.9951377204438147,1.1620797408722354
242,8,1.0,1e-06,0.01,0.5,0.9668529284209884,1.1924496101319104
243,8,1.0,1e-06,0.01,0.99,1.0994492554284092,1.2093139220657956
244,8,1.0,1e-06,0.02,0.5,1.0041957292388355,1.1698160969249165
245,8,1.0,1e-06,0.02,0.99,1.1235676658078613,1.236943278196316
246,8,1.0,2e-06,0.0,0.5,0.988553835589016,1.1825957393922055
247,8,1.0,2e-06,0.0,0.99,1.017420919145432,1.151453636304576
248,8,1.0,2e-06,0.01,0.5,0.9215379581140651,1.1305206176014884
249,8,1.0,2e-06,0.01,0.99,1.0533031396312118,1.196556573137571
250,8,1.0,2e-06,0.02,0.5,1.033851110535691,1.1696235217195
251,8,1.0,2e-06,0.02,0.99,1.1622776653795597,1.2218070842484845
252,8,1.0,3e-06,0.0,0.5,0.9644433467308364,1.1739563020013781
253,8,1.0,3e-06,0.0,0.99,0.9591311946813927,1.191054437521399
254,8,1.0,3e-06,0.01,0.5,0.9612845562149404,1.1711624614170162
255,8,1.0,3e-06,0.01,0.99,1.081639049707088,1.2194808554099918
256,8,1.0,3e-06,0.02,0.5,0.9887724049049345,1.152639733386666
257,8,1.0,3e-06,0.02,0.99,1.0997582489698383,1.1993279225992919
258,8,1.0,4e-06,0.0,0.5,1.0555965318522615,1.221409339984861
259,8,1.0,4e-06,0.0,0.99,0.9906207224690863,1.1543063918069687
260,8,1.0,4e-06,0.01,0.5,0.9930866591117433,1.1602995280693458
261,8,1.0,4e-06,0.01,0.99,1.068469064825976,1.1885142133372588
262,8,1.0,4e-06,0.02,0.5,1.0070092197464737,1.1791028637743883
263,8,1.0,4e-06,0.02,0.99,1.0623620605049462,1.1580026934836227
264,8,1.0,5e-06,0.0,0.5,0.9883322591334057,1.168745721252643
265,8,1.0,5e-06,0.0,0.99,1.0545903880701548,1.2429747589848412
266,8,1.0,5e-06,0.01,0.5,1.0008317606806116,1.2061208445181044
267,8,1.0,5e-06,0.01,0.99,1.0637367614278928,1.2242820861444281
268,8,1.0,5e-06,0.02,0.5,0.9851180020753706,1.1675929811030812
269,8,1.0,5e-06,0.02,0.99,1.0702794255831363,1.2072179618928303
270,8,1.0,1e-05,0.0,0.5,0.9602250121594017,1.1788524311909803
271,8,1.0,1e-05,0.0,0.99,1.058500478583059,1.1730778585794432
272,8,1.0,1e-05,0.01,0.5,0.9566611184758099,1.1616308407845681
273,8,1.0,1e-05,0.01,0.99,1.0325067025466268,1.185273235093158
274,8,1.0,1e-05,0.02,0.5,1.0265514044714508,1.1678390103039418
275,8,1.0,1e-05,0.02,0.99,1.0900922378339837,1.2175048675434557
276,8,1.0,2e-05,0.0,0.5,0.937916880754982,1.1975635035243548
277,8,1.0,2e-05,0.0,0.99,0.9399159162265789,1.1948820483323024
278,8,1.0,2e-05,0.01,0.5,0.9257699165945845,1.1451943109042684
279,8,1.0,2e-05,0.01,0.99,1.0487403753727698,1.1775330182060764
280,8,1.0,2e-05,0.02,0.5,1.0211186363516151,1.1722673682785856
281,8,1.0,2e-05,0.02,0.99,1.0927346233863255,1.1778282004966187
282,8,1.0,3e-05,0.0,0.5,1.0428681647395137,1.1777279722487104
283,8,1.0,3e-05,0.0,0.99,1.0312965500794218,1.1629008302199482
284,8,1.0,3e-05,0.01,0.5,0.9694274364553006,1.1193535522315896
285,8,1.0,3e-05,0.01,0.99,1.0371568689424389,1.2589926899771262
286,8,1.0,3e-05,0.02,0.5,1.0037898891190706,1.1827991998333751
287,8,1.0,3e-05,0.02,0.99,1.1164769527379939,1.1647070565813602
288,8,1.0,4e-05,0.0,0.5,1.0052834763987475,1.1867612204945948
289,8,1.0,4e-05,0.0,0.99,1.039109020050843,1.1710759755711566
290,8,1.0,4e-05,0.01,0.5,0.9771558713795045,1.1788358224009887
291,8,1.0,4e-05,0.01,0.99,1.0861115040587905,1.2207386206619417
292,8,1.0,4e-05,0.02,0.5,0.9669536377511967,1.1399315509761914
293,8,1.0,4e-05,0.02,0.99,1.0926258625067293,1.1855892180658696
294,8,1.0,5e-05,0.0,0.5,0.9553785170341629,1.1329973709939152
295,8,1.0,5e-05,0.0,0.99,1.0245155588815025,1.1627365924986133
296,8,1.0,5e-05,0.01,0.5,0.9837302155195209,1.176116802966335
297,8,1.0,5e-05,0.01,0.99,1.0274315687886526,1.1659316617709727
298,8,1.0,5e-05,0.02,0.5,1.0160954084481633,1.16296841942572
299,8,1.0,5e-05,0.02,0.99,1.0999700770010108,1.1623686316489144
300,8,1.0,0.0001,0.0,0.5,1.007327643428404,1.1501589225437807
301,8,1.0,0.0001,0.0,0.99,0.9799564068479173,1.1645040842130145
302,8,1.0,0.0001,0.01,0.5,0.9474388826070331,1.196918453861525
303,8,1.0,0.0001,0.01,0.99,1.0135524879014663,1.1441362134358943
304,8,1.0,0.0001,0.02,0.5,0.9836463705656604,1.150105662090392
305,8,1.0,0.0001,0.02,0.99,1.095906602502208,1.1657491640375897
306,8,1.0,0.0002,0.0,0.5,1.0479426058856514,1.18345685298254
307,8,1.0,0.0002,0.0,0.99,1.0576702752130176,1.1816657274163538
308,8,1.0,0.0002,0.01,0.5,0.9910822393033781,1.15572464079049
309,8,1.0,0.0002,0.01,0.99,1.115092530330264,1.2083701657070691
310,8,1.0,0.0002,0.02,0.5,1.0284758173027095,1.1706517340971603
311,8,1.0,0.0002,0.02,0.99,1.0710012905754254,1.2075387686765449
312,8,1.0,0.0003,0.0,0.5,0.9853734435471034,1.1980916263579267
313,8,1.0,0.0003,0.0,0.99,1.0119419929300681,1.1865253407948997
314,8,1.0,0.0003,0.01,0.5,0.9949818777621491,1.1541632785903626
315,8,1.0,0.0003,0.01,0.99,1.103832745281896,1.1947540766318094
316,8,1.0,0.0003,0.02,0.5,0.9609464773171351,1.1418430529857249
317,8,1.0,0.0003,0.02,0.99,1.0898497004279062,1.1969727942620705
318,8,1.0,0.0004,0.0,0.5,1.0583075740058032,1.1956418995677465
319,8,1.0,0.0004,0.0,0.99,1.0886619392514765,1.2229495948843914
320,8,1.0,0.0004,0.01,0.5,0.9607835370062802,1.1626748206463646
321,8,1.0,0.0004,0.01,0.99,1.0954992407709048,1.1831762927778438
322,8,1.0,0.0004,0.02,0.5,0.9969242598079444,1.1652296687861727
323,8,1.0,0.0004,0.02,0.99,1.1088943464341676,1.2102220266838175
324,8,1.0,0.0005,0.0,0.5,1.0575296222831256,1.2108693569332853
325,8,1.0,0.0005,0.0,0.99,1.041285913685789,1.2045290698276407
326,8,1.0,0.0005,0.01,0.5,0.981582467748536,1.1755521873312025
327,8,1.0,0.0005,0.01,0.99,1.0705162145760663,1.1987529990282564
328,8,1.0,0.0005,0.02,0.5,1.0047196682031247,1.1433221327862924
329,8,1.0,0.0005,0.02,0.99,1.0448606934602,1.1373903785059314
330,8,1.0,0.001,0.0,0.5,0.9878339789434268,1.1953873517704605
331,8,1.0,0.001,0.0,0.99,1.0882964972336635,1.2047620894052873
332,8,1.0,0.001,0.01,0.5,0.9605320611248976,1.1968486852417477
333,8,1.0,0.001,0.01,0.99,1.0642092028137102,1.1328121632981842
334,8,1.0,0.001,0.02,0.5,0.9998877658493082,1.1761005646695517
335,8,1.0,0.001,0.02,0.99,1.1205559436098593,1.1960815182874094
336,8,1.0,0.002,0.0,0.5,0.9811710997974229,1.2235839938537536
337,8,1.0,0.002,0.0,0.99,0.9898168696540979,1.227877266038422
338,8,1.0,0.002,0.01,0.5,0.9273121083069427,1.1399136822607652
339,8,1.0,0.002,0.01,0.99,1.104857034260643,1.244381148061479
340,8,1.0,0.002,0.02,0.5,1.03102061577596,1.165240091861734
341,8,1.0,0.002,0.02,0.99,1.1523996914144918,1.260930457441052
342,8,1.0,0.003,0.0,0.5,0.9715455658414286,1.222719822800634
343,8,1.0,0.003,0.0,0.99,0.9459369793796725,1.199023203297372
344,8,1.0,0.003,0.01,0.5,1.013681210463105,1.1630895376070167
345,8,1.0,0.003,0.01,0.99,1.078430009526026,1.2015254099663788
346,8,1.0,0.003,0.02,0.5,1.0427800024202205,1.1491815579123739
347,8,1.0,0.003,0.02,0.99,1.1358149258857868,1.2078611216665387
348,8,1.0,0.004,0.0,0.5,0.9651479028863211,1.171707008902961
349,8,1.0,0.004,0.0,0.99,1.0375133569603356,1.1836141974242405
350,8,1.0,0.004,0.01,0.5,0.9356313261023329,1.1561484836456724
351,8,1.0,0.004,0.01,0.99,1.0649695761678182,1.196894093205539
352,8,1.0,0.004,0.02,0.5,1.0043034344503627,1.2126743489982144
353,8,1.0,0.004,0.02,0.99,1.0838759188905982,1.1856877279534388
354,8,1.0,0.005,0.0,0.5,1.02212526800137,1.1521604047715275
355,8,1.0,0.005,0.0,0.99,1.0184089342254679,1.1706374590628499
356,8,1.0,0.005,0.01,0.5,0.9851490231801967,1.2118898788269963
357,8,1.0,0.005,0.01,0.99,1.0872226923088149,1.2295705216376571
358,8,1.0,0.005,0.02,0.5,1.0079207610821403,1.1766796276117324
359,8,1.0,0.005,0.02,0.99,1.0755939304175182,1.1795692539161315
360,9,0.01,1e-06,0.0,0.5,1.102513167913372,1.1611749466959282
361,9,0.01,1e-06,0.0,0.99,1.0926840549134176,1.1507154618140893
362,9,0.01,1e-06,0.01,0.5,1.0991487431450673,1.1504874992574665
363,9,0.01,1e-06,0.01,0.99,1.1042478252897183,1.155052170515994
364,9,0.01,1e-06,0.02,0.5,1.1021669267114984,1.1578815738717136
365,9,0.01,1e-06,0.02,0.99,1.0957683677413008,1.1493125781761468
366,9,0.01,2e-06,0.0,0.5,1.105139910436127,1.1505522955945289
367,9,0.01,2e-06,0.0,0.99,1.0988387421574721,1.1430470141554956
368,9,0.01,2e-06,0.01,0.5,1.1045087151759332,1.1521285018014178
369,9,0.01,2e-06,0.01,0.99,1.1000958932026608,1.156732189303908
370,9,0.01,2e-06,0.02,0.5,1.1092159381009783,1.163858185255415
371,9,0.01,2e-06,0.02,0.99,1.1066342682111585,1.1596341870562175
372,9,0.01,3e-06,0.0,0.5,1.0996797516058032,1.148277114632653
373,9,0.01,3e-06,0.0,0.99,1.095983046590704,1.156448534690448
374,9,0.01,3e-06,0.01,0.5,1.1102260506041877,1.1516387483148367
375,9,0.01,3e-06,0.01,0.99,1.105307238084521,1.158089020580005
376,9,0.01,3e-06,0.02,0.5,1.1057191945217122,1.1562990746474422
377,9,0.01,3e-06,0.02,0.99,1.1015541839889138,1.1531545386524547
378,9,0.01,4e-06,0.0,0.5,1.1037796540490745,1.1461722006961108
379,9,0.01,4e-06,0.0,0.99,1.1043178265773008,1.157062273347397
380,9,0.01,4e-06,0.01,0.5,1.1064552954363234,1.154892366423904
381,9,0.01,4e-06,0.01,0.99,1.1056974592700457,1.157666721671236
382,9,0.01,4e-06,0.02,0.5,1.1013042662067818,1.1497247552327257
383,9,0.01,4e-06,0.02,0.99,1.1065211932580648,1.1549158154811665
384,9,0.01,5e-06,0.0,0.5,1.1025863297279876,1.154313011167753
385,9,0.01,5e-06,0.0,0.99,1.1009193367515457,1.14800669249041
386,9,0.01,5e-06,0.01,0.5,1.1075512704491954,1.1529762182350365
387,9,0.01,5e-06,0.01,0.99,1.0989742708495256,1.1542207025034847
388,9,0.01,5e-06,0.02,0.5,1.1047496519164826,1.1511027405912018
389,9,0.01,5e-06,0.02,0.99,1.103803145393166,1.1517452880422903
390,9,0.01,1e-05,0.0,0.5,1.0918759896544854,1.149425135887317
391,9,0.01,1e-05,0.0,0.99,1.101907031825432,1.1509793981157266
392,9,0.01,1e-05,0.01,0.5,1.104079828283661,1.1560864479706918
393,9,0.01,1e-05,0.01,0.99,1.1100041696569851,1.1623664980718664
394,9,0.01,1e-05,0.02,0.5,1.0965706014599383,1.1581138377718707
395,9,0.01,1e-05,0.02,0.99,1.1046620834400047,1.15626274687814
396,9,0.01,2e-05,0.0,0.5,1.1043799450938945,1.1593280224278524
397,9,0.01,2e-05,0.0,0.99,1.1039482477974396,1.153673298914801
398,9,0.01,2e-05,0.01,0.5,1.0999379679884453,1.1538731578190213
399,9,0.01,2e-05,0.01,0.99,1.1109187365064215,1.15980093373771
400,9,0.01,2e-05,0.02,0.5,1.1011848367252475,1.1536986542963377
401,9,0.01,2e-05,0.02,0.99,1.105141294407202,1.156861190995081
402,9,0.01,3e-05,0.0,0.5,1.102413715269476,1.1543968664863709
403,9,0.01,3e-05,0.0,0.99,1.1030786808109136,1.152118472956373
404,9,0.01,3e-05,0.01,0.5,1.1037190302908049,1.153714577854831
405,9,0.01,3e-05,0.01,0.99,1.105571914186016,1.1586106754140684
406,9,0.01,3e-05,0.02,0.5,1.100082511985915,1.1577046414087933
407,9,0.01,3e-05,0.02,0.99,1.1014114216054598,1.1545944052315875
408,9,0.01,4e-05,0.0,0.5,1.1030332359400914,1.1558061482600515
409,9,0.01,4e-05,0.0,0.99,1.0999681014984921,1.1538368758595747
410,9,0.01,4e-05,0.01,0.5,1.1094607089360506,1.1585512762157943
411,9,0.01,4e-05,0.01,0.99,1.105386929961612,1.157042369928381
412,9,0.01,4e-05,0.02,0.5,1.1089865470877787,1.1542610756015672
413,9,0.01,4e-05,0.02,0.99,1.1070460372060014,1.1597730912884097
414,9,0.01,5e-05,0.0,0.5,1.107506603678341,1.1629747951746712
415,9,0.01,5e-05,0.0,0.99,1.101473057576562,1.162552956644234
416,9,0.01,5e-05,0.01,0.5,1.0967554871683856,1.1544957865157885
417,9,0.01,5e-05,0.01,0.99,1.1065161132285726,1.1473123873211744
418,9,0.01,5e-05,0.02,0.5,1.1070543421049774,1.1501379024991283
419,9,0.01,5e-05,0.02,0.99,1.100639820525553,1.1552698461217643
420,9,0.01,0.0001,0.0,0.5,1.0916597889136253,1.1552434309220336
421,9,0.01,0.0001,0.0,0.99,1.1024703307884556,1.150821073671069
422,9,0.01,0.0001,0.01,0.5,1.1097292973984245,1.1563470122195747
423,9,0.01,0.0001,0.01,0.99,1.106299140779928,1.1563443551766484
424,9,0.01,0.0001,0.02,0.5,1.1011385458508958,1.1599140752927828
425,9,0.01,0.0001,0.02,0.99,1.1084109358567937,1.1530647699690608
426,9,0.01,0.0002,0.0,0.5,1.1000190506509273,1.1500074298480747
427,9,0.01,0.0002,0.0,0.99,1.1027388480439164,1.1524396259985958
428,9,0.01,0.0002,0.01,0.5,1.104585618462999,1.14706694804639
429,9,0.01,0.0002,0.01,0.99,1.102638612466226,1.1645494039970028
430,9,0.01,0.0002,0.02,0.5,1.1053205301148896,1.1505522560140777
431,9,0.01,0.0002,0.02,0.99,1.1040663627906917,1.155984782516233
432,9,0.01,0.0003,0.0,0.5,1.1065605329216472,1.1616254287083827
433,9,0.01,0.0003,0.0,0.99,1.1035042600626583,1.156008024176551
434,9,0.01,0.0003,0.01,0.5,1.102205453282347,1.1549125885170022
435,9,0.01,0.0003,0.01,0.99,1.1031850969840125,1.1575056045470928
436,9,0.01,0.0003,0.02,0.5,1.102529052627219,1.152316698773652
437,9,0.01,0.0003,0.02,0.99,1.1047716766091455,1.1514275985851887
438,9,0.01,0.0004,0.0,0.5,1.1013493617937662,1.1529867918325758
439,9,0.01,0.0004,0.0,0.99,1.1043294093429281,1.1510446536848327
440,9,0.01,0.0004,0.01,0.5,1.1072877571018318,1.1557734141605123
441,9,0.01,0.0004,0.01,0.99,1.104872223211361,1.1576092651483827
442,9,0.01,0.0004,0.02,0.5,1.1045304977235038,1.154418749244179
443,9,0.01,0.0004,0.02,0.99,1.1038000874235872,1.152585357245859
444,9,0.01,0.0005,0.0,0.5,1.0981917379255626,1.1573590812221408
445,9,0.01,0.0005,0.0,0.99,1.1041596873030792,1.1530387949687328
446,9,0.01,0.0005,0.01,0.5,1.1011807974340642,1.1571451332722913
447,9,0.01,0.0005,0.01,0.99,1.1085458083992872,1.1524280820388058
448,9,0.01,0.0005,0.02,0.5,1.1004251573739101,1.1481048630769746
449,9,0.01,0.0005,0.02,0.99,1.098868347614215,1.1541580998013359
450,9,0.01,0.001,0.0,0.5,1.1025821976082812,1.1535606087877632
451,9,0.01,0.001,0.0,0.99,1.1078205935717433,1.1564565869455123
452,9,0.01,0.001,0.01,0.5,1.1058081675267513,1.1559920526351692
453,9,0.01,0.001,0.01,0.99,1.104547810714825,1.15593999879275
454,9,0.01,0.001,0.02,0.5,1.1081545055871642,1.1565544070752354
455,9,0.01,0.001,0.02,0.99,1.1018640963947022,1.1587974348487133
456,9,0.01,0.002,0.0,0.5,1.0975326797987948,1.149662104147518
457,9,0.01,0.002,0.0,0.99,1.1059525478474814,1.1555518740253365
458,9,0.01,0.002,0.01,0.5,1.105035691749151,1.1643325595550125
459,9,0.01,0.002,0.01,0.99,1.102150828576955,1.159150647805824
460,9,0.01,0.002,0.02,0.5,1.1008520173009173,1.1566855072328828
461,9,0.01,0.002,0.02,0.99,1.1076790081878907,1.1557550243944805
462,9,0.01,0.003,0.0,0.5,1.1006704820704352,1.1565445880284
463,9,0.01,0.003,0.0,0.99,1.1030152740259447,1.1523821608476337
464,9,0.01,0.003,0.01,0.5,1.0978486900511384,1.1495095630165644
465,9,0.01,0.003,0.01,0.99,1.1038275463532565,1.155102986026555
466,9,0.01,0.003,0.02,0.5,1.1029577762771234,1.1497024326672503
467,9,0.01,0.003,0.02,0.99,1.107812503561474,1.156235716367427
468,9,0.01,0.004,0.0,0.5,1.0980699201236006,1.153133892966129
469,9,0.01,0.004,0.0,0.99,1.0988187275775614,1.151956110822501
470,9,0.01,0.004,0.01,0.5,1.105620011949379,1.1532383738880223
471,9,0.01,0.004,0.01,0.99,1.104964132668101,1.1538199176593453
472,9,0.01,0.004,0.02,0.5,1.1100160384742472,1.161421268414663
473,9,0.01,0.004,0.02,0.99,1.104746887928192,1.155900240490903
474,9,0.01,0.005,0.0,0.5,1.0944057382748413,1.1532663871003659
475,9,0.01,0.005,0.0,0.99,1.1049717126222591,1.1564702860225053
476,9,0.01,0.005,0.01,0.5,1.1080903710410297,1.152407186812243
477,9,0.01,0.005,0.01,0.99,1.1042844160605396,1.1538098902906462
478,9,0.01,0.005,0.02,0.5,1.108589595458898,1.1629899110383144
479,9,0.01,0.005,0.02,0.99,1.1113933979078146,1.1566210097509402
480,9,0.1,1e-06,0.0,0.5,0.8917420587189648,1.1379284292771032
481,9,0.1,1e-06,0.0,0.99,0.9666522130554519,1.1333089194012462
482,9,0.1,1e-06,0.01,0.5,0.9144185799398762,1.147755597603152
483,9,0.1,1e-06,0.01,0.99,0.9822778144775371,1.1572487116904084
484,9,0.1,1e-06,0.02,0.5,0.936648457529421,1.1345304035203474
485,9,0.1,1e-06,0.02,0.99,0.9765791285913716,1.1638149495876238
486,9,0.1,2e-06,0.0,0.5,0.9290972028933699,1.147872270878061
487,9,0.1,2e-06,0.0,0.99,0.9818841066014076,1.15957447816317
488,9,0.1,2e-06,0.01,0.5,0.9295438754455913,1.1402037418127255
489,9,0.1,2e-06,0.01,0.99,0.9584830544580865,1.1509821880652211
490,9,0.1,2e-06,0.02,0.5,0.9135247539924742,1.123308489521724
491,9,0.1,2e-06,0.02,0.99,1.007819803643926,1.143164927200189
492,9,0.1,3e-06,0.0,0.5,0.8994038839973261,1.152326894324398
493,9,0.1,3e-06,0.0,0.99,0.9869525792091098,1.1595327200094903
494,9,0.1,3e-06,0.01,0.5,0.9021145639920422,1.1542689548231428
495,9,0.1,3e-06,0.01,0.99,0.999506540948551,1.1550498219991912
496,9,0.1,3e-06,0.02,0.5,0.9215805161858596,1.1361096330928724
497,9,0.1,3e-06,0.02,0.99,0.9938046052773487,1.1545195222004705
498,9,0.1,4e-06,0.0,0.5,0.8632581844337639,1.1407929959388856
499,9,0.1,4e-06,0.0,0.99,0.996301079858633,1.1512167839219225
500,9,0.1,4e-06,0.01,0.5,0.9103668622427021,1.1560290028213147
501,9,0.1,4e-06,0.01,0.99,0.9810588949285723,1.1599971490077017
502,9,0.1,4e-06,0.02,0.5,0.9203557087596975,1.1443149490342384
503,9,0.1,4e-06,0.02,0.99,0.9992335130401642,1.1555178579215015
504,9,0.1,5e-06,0.0,0.5,0.9082201093764732,1.1620998035075
505,9,0.1,5e-06,0.0,0.99,0.922213440339293,1.1541426346917003
506,9,0.1,5e-06,0.01,0.5,0.8888570315300363,1.1436721160747558
507,9,0.1,5e-06,0.01,0.99,0.9542928499549714,1.1350870826878003
508,9,0.1,5e-06,0.02,0.5,0.9056766571590127,1.1498106609238907
509,9,0.1,5e-06,0.02,0.99,1.014670607294964,1.1463922326519804
510,9,0.1,1e-05,0.0,0.5,0.8787381330900094,1.1278233856572863
511,9,0.1,1e-05,0.0,0.99,0.9518076503812585,1.1652701745758616
512,9,0.1,1e-05,0.01,0.5,0.8818311450641274,1.1450620690822013
513,9,0.1,1e-05,0.01,0.99,0.9865456516109391,1.1495546972033257
514,9,0.1,1e-05,0.02,0.5,0.9326869215677981,1.1365005548768643
515,9,0.1,1e-05,0.02,0.99,0.9604685656874731,1.1272059156922887
516,9,0.1,2e-05,0.0,0.5,0.8878852803189393,1.1637262122141558
517,9,0.1,2e-05,0.0,0.99,1.0587824133352555,1.1415025615372456
518,9,0.1,2e-05,0.01,0.5,0.908664110261382,1.1452487742252708
519,9,0.1,2e-05,0.01,0.99,0.9345217722894695,1.1412675032824933
520,9,0.1,2e-05,0.02,0.5,0.9299161970137853,1.143639136009564
521,9,0.1,2e-05,0.02,0.99,1.0082760932986745,1.1428290259215204
522,9,0.1,3e-05,0.0,0.5,0.8583377162233363,1.1602248850431154
523,9,0.1,3e-05,0.0,0.99,0.9621412289943129,1.155788299439047
524,9,0.1,3e-05,0.01,0.5,0.8824885210718197,1.1605429286183355
525,9,0.1,3e-05,0.01,0.99,0.9759345794298122,1.1612801458709605
526,9,0.1,3e-05,0.02,0.5,0.9355098759723952,1.149757307940921
527,9,0.1,3e-05,0.02,0.99,1.009144600234134,1.1473330681880918
528,9,0.1,4e-05,0.0,0.5,0.8897394805584993,1.1596546168841368
529,9,0.1,4e-05,0.0,0.99,0.9401397333866355,1.1218602821492616
530,9,0.1,4e-05,0.01,0.5,0.9048412845222961,1.1538802913409574
531,9,0.1,4e-05,0.01,0.99,0.9972914286347335,1.1514104371427432
532,9,0.1,4e-05,0.02,0.5,0.9379795513381859,1.1431598958214355
533,9,0.1,4e-05,0.02,0.99,0.9757940070432896,1.1536532547470797
534,9,0.1,5e-05,0.0,0.5,0.8771032906030897,1.1570028846628482
535,9,0.1,5e-05,0.0,0.99,1.007985905359964,1.1734653603987477
536,9,0.1,5e-05,0.01,0.5,0.9338399927252229,1.1420362523337797
537,9,0.1,5e-05,0.01,0.99,0.9615053652063378,1.1387488908721126
538,9,0.1,5e-05,0.02,0.5,0.9357962240443715,1.1448315076524145
539,9,0.1,5e-05,0.02,0.99,0.9840140826625169,1.1404219649470653
540,9,0.1,0.0001,0.0,0.5,0.8899983401211985,1.1385349729778338
541,9,0.1,0.0001,0.0,0.99,0.9733668212917437,1.1486428039942387
542,9,0.1,0.0001,0.01,0.5,0.9104399437443897,1.1615033483621007
543,9,0.1,0.0001,0.01,0.99,0.9853423580788293,1.1432178607042331
544,9,0.1,0.0001,0.02,0.5,0.9186855556617362,1.1611364147495618
545,9,0.1,0.0001,0.02,0.99,0.978844746845111,1.1340239926874087
546,9,0.1,0.0002,0.0,0.5,0.8988191237315912,1.155280704092351
547,9,0.1,0.0002,0.0,0.99,1.007603148696326,1.146544605008819
548,9,0.1,0.0002,0.01,0.5,0.8976355540342723,1.1517171619727655
549,9,0.1,0.0002,0.01,0.99,1.0042820242979005,1.1493771039686342
550,9,0.1,0.0002,0.02,0.5,0.9264426032526382,1.1455546330012512
551,9,0.1,0.0002,0.02,0.99,0.9418084996684731,1.1389197374612705
552,9,0.1,0.0003,0.0,0.5,0.9234934301445126,1.1764925864668483
553,9,0.1,0.0003,0.0,0.99,0.9635482502147252,1.1285766838576436
554,9,0.1,0.0003,0.01,0.5,0.887774565779542,1.1251877418794638
555,9,0.1,0.0003,0.01,0.99,0.9691004953926662,1.1284398096487116
556,9,0.1,0.0003,0.02,0.5,0.924777810728947,1.1561159659103812
557,9,0.1,0.0003,0.02,0.99,0.9578497800689022,1.1351897202650092
558,9,0.1,0.0004,0.0,0.5,0.8898789211689684,1.129881957548951
559,9,0.1,0.0004,0.0,0.99,1.007092735274109,1.151917797575571
560,9,0.1,0.0004,0.01,0.5,0.9000259132290807,1.1571223166325133
561,9,0.1,0.0004,0.01,0.99,1.0146016241919695,1.1577929397236613
562,9,0.1,0.0004,0.02,0.5,0.9513704793711468,1.1424878834741725
563,9,0.1,0.0004,0.02,0.99,0.9896701910684185,1.141564312545917
564,9,0.1,0.0005,0.0,0.5,0.9132267064231877,1.154444968846564
565,9,0.1,0.0005,0.0,0.99,1.0302756041267775,1.1583409214931926
566,9,0.1,0.0005,0.01,0.5,0.9240323702378437,1.1593692557403235
567,9,0.1,0.0005,0.01,0.99,0.9280988685153552,1.1466745833685041
568,9,0.1,0.0005,0.02,0.5,0.9306670721205714,1.1505581162990977
569,9,0.1,0.0005,0.02,0.99,0.9857793947681257,1.1376035077079496
570,9,0.1,0.001,0.0,0.5,0.9104277791754032,1.1608289772030682
571,9,0.1,0.001,0.0,0.99,0.989691891023912,1.1427000626320594
572,9,0.1,0.001,0.01,0.5,0.9055649247335167,1.1474960557804963
573,9,0.1,0.001,0.01,0.99,0.9841344141111714,1.1369314695399195
574,9,0.1,0.001,0.02,0.5,0.9317835683890602,1.1199555928859017
575,9,0.1,0.001,0.02,0.99,1.010415604599977,1.1167116128910701
576,9,0.1,0.002,0.0,0.5,0.881907374197403,1.136218349988711
577,9,0.1,0.002,0.0,0.99,1.0152040539229892,1.1454386205929745
578,9,0.1,0.002,0.01,0.5,0.8816123266779566,1.1291363517342374
579,9,0.1,0.002,0.01,0.99,0.9533189590755803,1.142383499845468
580,9,0.1,0.002,0.02,0.5,0.8882187621416145,1.1336362466285508
581,9,0.1,0.002,0.02,0.99,1.004875364306468,1.143426328509679
582,9,0.1,0.003,0.0,0.5,0.9126112727571071,1.1532724856793277
583,9,0.1,0.003,0.0,0.99,1.00127146357677,1.1428011102449818
584,9,0.1,0.003,0.01,0.5,0.8946576012243728,1.1459032382309642
585,9,0.1,0.003,0.01,0.99,0.9811935552271293,1.151540214600599
586,9,0.1,0.003,0.02,0.5,0.9012631666554445,1.1327810551156647
587,9,0.1,0.003,0.02,0.99,0.9899357046028723,1.1622175570398439
588,9,0.1,0.004,0.0,0.5,0.9314962331815627,1.1469062648688853
589,9,0.1,0.004,0.0,0.99,1.0424413138505908,1.1411296982746706
590,9,0.1,0.004,0.01,0.5,0.8973852357849086,1.1500141374585398
591,9,0.1,0.004,0.01,0.99,0.9515707179968463,1.1474842195532977
592,9,0.1,0.004,0.02,0.5,0.9200778204364888,1.1322462099770185
593,9,0.1,0.004,0.02,0.99,0.9844418059205836,1.1350768882309388
594,9,0.1,0.005,0.0,0.5,0.9087474562049433,1.1657280162124202
595,9,0.1,0.005,0.0,0.99,1.029113970992139,1.1475980771215437
596,9,0.1,0.005,0.01,0.5,0.902495248163007,1.1506787886149268
597,9,0.1,0.005,0.01,0.99,0.9550758561864251,1.139151531992115
598,9,0.1,0.005,0.02,0.5,0.8916373575979712,1.1411692016831807
599,9,0.1,0.005,0.02,0.99,0.9879270208211277,1.1519700974127667
600,9,1.0,1e-06,0.0,0.5,0.9396864082436711,1.2265549129487199
601,9,1.0,1e-06,0.0,0.99,1.0301310505255372,1.1946173419867399
602,9,1.0,1e-06,0.01,0.5,0.9944733419430317,1.194165881071384
603,9,1.0,1e-06,0.01,0.99,1.0903402710193761,1.1582320078708257
604,9,1.0,1e-06,0.02,0.5,0.9694588602016202,1.1231312872268764
605,9,1.0,1e-06,0.02,0.99,1.1058831250141399,1.200008139858457
606,9,1.0,2e-06,0.0,0.5,1.0627452846589114,1.207742409861645
607,9,1.0,2e-06,0.0,0.99,0.9930746783697858,1.1913253969087543
608,9,1.0,2e-06,0.01,0.5,0.9509467006384754,1.143850684030114
609,9,1.0,2e-06,0.01,0.99,1.0748331828759554,1.2365725434864951
610,9,1.0,2e-06,0.02,0.5,0.9700618851376462,1.1659440596035084
611,9,1.0,2e-06,0.02,0.99,1.114404201778194,1.1918294223453167
612,9,1.0,3e-06,0.0,0.5,1.092969453947124,1.2122056268856585
613,9,1.0,3e-06,0.0,0.99,1.0273857362233325,1.1786673306822129
614,9,1.0,3e-06,0.01,0.5,0.9066901458287179,1.16621029673082
615,9,1.0,3e-06,0.01,0.99,1.0892107761786924,1.2269405208969149
616,9,1.0,3e-06,0.02,0.5,0.9723483052376825,1.1496579909166427
617,9,1.0,3e-06,0.02,0.99,1.0926479539140692,1.179284738449323
618,9,1.0,4e-06,0.0,0.5,1.0065361994857038,1.1757384406465297
619,9,1.0,4e-06,0.0,0.99,1.0591453663421873,1.1922202876880037
620,9,1.0,4e-06,0.01,0.5,0.9472723693546754,1.1593695327038789
621,9,1.0,4e-06,0.01,0.99,1.0630661167041595,1.2070123352345443
622,9,1.0,4e-06,0.02,0.5,1.0170564812719676,1.1741589360550315
623,9,1.0,4e-06,0.02,0.99,1.1053208885576546,1.2291276176659458
624,9,1.0,5e-06,0.0,0.5,0.9336912456567661,1.193005861060696
625,9,1.0,5e-06,0.0,0.99,1.0665156638560718,1.1973578954911095
626,9,1.0,5e-06,0.01,0.5,0.95155558214779,1.1725468435652453
627,9,1.0,5e-06,0.01,0.99,1.1096168430864162,1.203394248633668
628,9,1.0,5e-06,0.02,0.5,1.009122275946421,1.190216740685689
629,9,1.0,5e-06,0.02,0.99,1.142872227867801,1.2659263133350216
630,9,1.0,1e-05,0.0,0.5,0.9839110554125461,1.1568352827982622
631,9,1.0,1e-05,0.0,0.99,1.0291032584893707,1.2009962959528266
632,9,1.0,1e-05,0.01,0.5,0.9736896395997614,1.1707606569920013
633,9,1.0,1e-05,0.01,0.99,1.0824374920238429,1.2224497621971617
634,9,1.0,1e-05,0.02,0.5,1.015539229068375,1.1650975425459231
635,9,1.0,1e-05,0.02,0.99,1.0942348398270665,1.2074219169106186
636,9,1.0,2e-05,0.0,0.5,0.8836626021903998,1.1982962186277446
637,9,1.0,2e-05,0.0,0.99,1.027545727247795,1.2090453077049332
638,9,1.0,2e-05,0.01,0.5,0.9389382595664924,1.1621138146260712
639,9,1.0,2e-05,0.01,0.99,1.1510383406735263,1.2438953164836124
640,9,1.0,2e-05,0.02,0.5,1.056697816141577,1.1637274854422135
641,9,1.0,2e-05,0.02,0.99,1.0912685634684678,1.1995934238363872
642,9,1.0,3e-05,0.0,0.5,1.085339271783764,1.206567224876269
643,9,1.0,3e-05,0.0,0.99,1.0257490077922677,1.2061097362765976
644,9,1.0,3e-05,0.01,0.5,0.9377711302366011,1.1618020378740572
645,9,1.0,3e-05,0.01,0.99,1.0828715286457102,1.1997798702482303
646,9,1.0,3e-05,0.02,0.5,1.0029435369198516,1.1706450672808917
647,9,1.0,3e-05,0.02,0.99,1.0860229868287257,1.1865386055346743
648,9,1.0,4e-05,0.0,0.5,0.988525854844809,1.1771573825577082
649,9,1.0,4e-05,0.0,0.99,0.9654719851166846,1.2036071167208284
650,9,1.0,4e-05,0.01,0.5,0.9606511894583671,1.188114627131093
651,9,1.0,4e-05,0.01,0.99,1.0678117744517999,1.1812798883372286
652,9,1.0,4e-05,0.02,0.5,1.007998828218575,1.1507106632130943
653,9,1.0,4e-05,0.02,0.99,1.1236352544313268,1.2014972577278205
654,9,1.0,5e-05,0.0,0.5,1.0732513488668816,1.1970485761137375
655,9,1.0,5e-05,0.0,0.99,0.9798523414717534,1.1899609462051919
656,9,1.0,5e-05,0.01,0.5,0.9692548397249476,1.1928890456079206
657,9,1.0,5e-05,0.01,0.99,1.044180640441845,1.2049326224887256
658,9,1.0,5e-05,0.02,0.5,1.0137843421421222,1.1600531464015351
659,9,1.0,5e-05,0.02,0.99,1.1282254919014438,1.2350317649747677
660,9,1.0,0.0001,0.0,0.5,0.9887666537188092,1.2086809029489771
661,9,1.0,0.0001,0.0,0.99,0.9718207584521517,1.1650124259806327
662,9,1.0,0.0001,0.01,0.5,0.9823637531698135,1.1860803971331835
663,9,1.0,0.0001,0.01,0.99,1.0696571492550584,1.191679481212716
664,9,1.0,0.0001,0.02,0.5,0.9868710669105304,1.1375766312204327
665,9,1.0,0.0001,0.02,0.99,1.1208301850401523,1.197238779660517
666,9,1.0,0.0002,0.0,0.5,0.9683898709466233,1.2010190912329917
667,9,1.0,0.0002,0.0,0.99,1.0141165156496845,1.209978347534397
668,9,1.0,0.0002,0.01,0.5,0.9724395732936776,1.1738609180708126
669,9,1.0,0.0002,0.01,0.99,1.0344351670410528,1.16825120263978
670,9,1.0,0.0002,0.02,0.5,0.9874200443747208,1.1678766600728139
671,9,1.0,0.0002,0.02,0.99,1.0619345228299895,1.1714991526981358
672,9,1.0,0.0003,0.0,0.5,0.9391367031302071,1.192975178654253
673,9,1.0,0.0003,0.0,0.99,0.9870674504724786,1.2091557736351444
674,9,1.0,0.0003,0.01,0.5,0.986974257683005,1.2006499505251285
675,9,1.0,0.0003,0.01,0.99,1.0678194217536328,1.1847241077104784
676,9,1.0,0.0003,0.02,0.5,0.9848690986846446,1.1578450655085792
677,9,1.0,0.0003,0.02,0.99,1.0677784007775728,1.16875925040058
678,9,1.0,0.0004,0.0,0.5,0.9868281290081843,1.1877565068031308
679,9,1.0,0.0004,0.0,0.99,0.9662816633361144,1.1882907456776808
680,9,1.0,0.0004,0.01,0.5,0.9777052401423543,1.1435281901048182
681,9,1.0,0.0004,0.01,0.99,1.0760266943555206,1.1924131592855811
682,9,1.0,0.0004,0.02,0.5,0.9941964147644252,1.1608320124098577
683,9,1.0,0.0004,0.02,0.99,1.100973984543923,1.1636091209884794
684,9,1.0,0.0005,0.0,0.5,0.9643176440640079,1.1868817061352264
685,9,1.0,0.0005,0.0,0.99,1.0539259434560173,1.2493553822144523
686,9,1.0,0.0005,0.01,0.5,0.9307481398114006,1.1517173833588916
687,9,1.0,0.0005,0.01,0.99,1.1102983820197987,1.1756174099888363
688,9,1.0,0.0005,0.02,0.5,0.9673884213860136,1.1334208764273606
689,9,1.0,0.0005,0.02,0.99,1.1461945486819416,1.208639925649118
690,9,1.0,0.001,0.0,0.5,0.9338459688112971,1.2083920828158399
691,9,1.0,0.001,0.0,0.99,0.9949660955184616,1.1850363065712084
692,9,1.0,0.001,0.01,0.5,0.9364027149582707,1.147746379831452
693,9,1.0,0.001,0.01,0.99,1.097270451340414,1.2167972042692976
694,9,1.0,0.001,0.02,0.5,1.0228885261833598,1.147599547502451
695,9,1.0,0.001,0.02,0.99,1.0941005917773656,1.209585150963603
696,9,1.0,0.002,0.0,0.5,1.000821773957312,1.1854321729024797
697,9,1.0,0.002,0.0,0.99,1.0562553411992535,1.2480791286536708
698,9,1.0,0.002,0.01,0.5,0.8983831037560965,1.162435401820834
699,9,1.0,0.002,0.01,0.99,1.081592422078781,1.2131276304561358
700,9,1.0,0.002,0.02,0.5,0.9961310991283938,1.1487954832674874
701,9,1.0,0.002,0.02,0.99,1.1380779786328206,1.2066509608027765
702,9,1.0,0.003,0.0,0.5,0.8894141642320458,1.1853320135247727
703,9,1.0,0.003,0.0,0.99,1.0174867750928338,1.2035990881067093
704,9,1.0,0.003,0.01,0.5,0.9972901699761443,1.18183288100062
705,9,1.0,0.003,0.01,0.99,1.0707399819616223,1.2030595026623685
706,9,1.0,0.003,0.02,0.5,0.9922401729192517,1.1429791235766027
707,9,1.0,0.003,0.02,0.99,1.0932840858887374,1.1978957374271868
708,9,1.0,0.004,0.0,0.5,0.9064225355798533,1.1354924538313869
709,9,1.0,0.004,0.0,0.99,1.0148004392883523,1.1679904501534715
710,9,1.0,0.004,0.01,0.5,0.9486205492977112,1.1569135417032184
711,9,1.0,0.004,0.01,0.99,1.0640246198830794,1.2236898736767727
712,9,1.0,0.004,0.02,0.5,1.0166432977954671,1.1570117802011621
713,9,1.0,0.004,0.02,0.99,1.11460111566799,1.1982921959645536
714,9,1.0,0.005,0.0,0.5,0.9417044533086963,1.1650667665810175
715,9,1.0,0.005,0.0,0.99,1.078531913720355,1.2485305855086308
716,9,1.0,0.005,0.01,0.5,1.0137272223876068,1.1557918834133936
717,9,1.0,0.005,0.01,0.99,1.083327221274665,1.1954832533751505
718,9,1.0,0.005,0.02,0.5,0.9636298328019545,1.1579120139094845
719,9,1.0,0.005,0.02,0.99,1.1286565699510007,1.2141813765527378
